<?xml version="1.0" encoding="UTF-8"?>
<project-private xmlns="http://www.netbeans.org/ns/project-private/1">
    <data xmlns="http://www.netbeans.org/ns/make-project-private/1">
        <activeConfTypeElem>1</activeConfTypeElem>
        <activeConfIndexElem>0</activeConfIndexElem>
    </data>
    <editor-bookmarks xmlns="http://www.netbeans.org/ns/editor-bookmarks/2" lastBookmarkId="0"/>
    <open-files xmlns="http://www.netbeans.org/ns/projectui-open-files/2">
        <group>
            <file>file:/Users/scott_r_parker/Desktop/GitHubProjects/CSC-17A-42636/Hmwk/Assignment1/Problems/Gaddis_8thEd_Chap3_Prob12_Celsius-Fahrenheit/main.cpp</file>
        </group>
    </open-files>
</project-private>
